text;example_very_unclear;joy;anger;desire;curiosity;disappointment;confusion;label
I am super happy for you!!;FALSE;1;0;0;0;0;0;1
Oh very very good;FALSE;1;0;0;0;0;0;1
Thank youuu!!!;FALSE;1;0;0;0;0;0;1
Hahahahahah;FALSE;1;0;0;0;0;0;1
Look I hesitated between Maksime and Maxime but in the end went for Maksim;FALSE;1;0;0;0;0;0;1
feel like i can do whatever i damn well please!!;FALSE;1;0;0;0;0;0;1
Ahahahah yess last time it was interesting ;FALSE;1;0;0;0;0;0;1
Matea you are genious;FALSE;1;0;0;0;0;0;1
hihi:);FALSE;1;0;0;0;0;0;1
Sounds like a very successful day to me honestly;FALSE;1;0;0;0;0;0;1
Hoho, we will get it;FALSE;1;0;0;0;0;0;1
It was very very fun, I hung out with them for like the whole day, though a bit with another dear friend of mine;FALSE;1;0;0;0;0;0;1
Proud;FALSE;1;0;0;0;0;0;1
Proud of all of you you guys are amazing;FALSE;1;0;0;0;0;0;1
U rocked this;FALSE;1;0;0;0;0;0;1
Can't wait for the barbecue;FALSE;1;0;0;0;0;0;1
Hahaha with pleasure;FALSE;1;0;0;0;0;0;1
Hahaha noo I’m kidding go sleep;FALSE;1;0;0;0;0;0;1
Anyhow, know that you and your involvement are very much appreciated ;FALSE;1;0;0;0;0;0;1
We should play some time;FALSE;1;0;0;0;0;0;1
jo and i made baked eggplant w tomatoes which was vvv good;FALSE;1;0;0;0;0;0;1
"i keep calling i walk the line by johnny cash ""ja hodam liniju od jovana novca"" and laughing except no one finds it funny";FALSE;1;0;0;0;0;0;1
yes i AM picking it now bcs i feel like it and i wont rlly have time to dwell on outfits once i have Zoe on my hands;FALSE;1;0;0;0;0;0;1
cool n sexy n sleepy;FALSE;1;0;0;0;0;0;1
sunset was so pretty today!!;FALSE;1;0;0;0;0;0;1
I have happiness for you always;FALSE;1;0;0;0;0;0;1
Hahahaha you guys seem to be having a great time;FALSE;1;0;0;0;0;0;1
This is soo fire;FALSE;1;0;0;0;0;0;1
it is indeed gorgeous;FALSE;1;0;0;0;0;0;1
this made me laugh so much;FALSE;1;0;0;0;0;0;1
There's a big mountain by the sea with a very cool view;FALSE;1;0;0;0;0;0;1
And the road is very nice to practice on;FALSE;1;0;0;0;0;0;1
i wanna do a cute little session;FALSE;1;0;0;0;0;0;1
we'll do some breathing and some partner stuff;FALSE;1;0;0;0;0;0;1
definitely joining;FALSE;1;0;0;0;0;0;1
I couldn’t stop laughing literally;FALSE;1;0;0;0;0;0;1
Us laughing at u most of the time;FALSE;1;0;0;0;0;0;1
Seems like quite the treat tbh;FALSE;1;0;0;0;0;0;1
I was laughing all day today by myself actually hahahahaha and I thought about this as well;FALSE;1;0;0;0;0;0;1
Ahhh that's amazingg;FALSE;1;0;0;0;0;0;1
Sleep well my intrepid girl;FALSE;1;0;0;0;0;0;1
Life's good, I've just destroyed myself at the gym (in a good way hahah);FALSE;1;0;0;0;0;0;1
Okii enjoyy a lot!!;FALSE;1;0;0;0;0;0;1
Wow these are really interesting!;FALSE;1;0;0;0;0;0;1
Hahahahahahahaha splendid;FALSE;1;0;0;0;0;0;1
But over all I’m very happy with the experience, I hope it was good enough;FALSE;1;0;0;0;0;0;1
Mina wow, yeah you made be feel, amazing, thank you;FALSE;1;0;0;0;0;0;1
Hmmmm nice indeed;FALSE;1;0;0;0;0;0;1
Still for hum to say that means you did good;FALSE;1;0;0;0;0;0;1
I think it was okayy, the last one went really really well;FALSE;1;0;0;0;0;0;1
Doneee;FALSE;1;0;0;0;0;0;1
Dream team:);FALSE;1;0;0;0;0;0;1
i made a harness i'm quite proud of;FALSE;1;0;0;0;0;0;1
best of the best of lucks, you got this;FALSE;1;0;0;0;0;0;1
Yes sounds good;FALSE;1;0;0;0;0;0;1
Wow, so smart;FALSE;1;0;0;0;0;0;1
Yes it was very nice;FALSE;1;0;0;0;0;0;1
that's a wonderful idea;FALSE;1;0;0;0;0;0;1
I have an extention to my excellent plan;FALSE;1;0;0;0;0;0;1
it is the first song i learned how to play on the piano;FALSE;1;0;0;0;0;0;1
those are really the best times;FALSE;1;0;0;0;0;0;1
and helped me start speaking French again after i hadn't in years;FALSE;1;0;0;0;0;0;1
Really nothing special, but I enjoy little evenings like this;FALSE;1;0;0;0;0;0;1
I think I got good opportunities for my age and I am happy and grateful to be able to do stuff;FALSE;1;0;0;0;0;0;1
But still quite fun, it's nice to see the guys' faces once in a while;FALSE;1;0;0;0;0;0;1
Glad to see they’re still teaching all this;FALSE;1;0;0;0;0;0;1
Also a good thing :);FALSE;1;0;0;0;0;0;1
I’m gonna go meet the friends now, hear from you later;FALSE;1;0;0;0;0;0;1
Nahh it’s just so exciting;FALSE;1;0;0;0;0;0;1
Very happy about my body;FALSE;1;0;0;0;0;0;1
So, in terms of how easy it is to find a job: you’re smart, personable and will have a good degree from a good school. I don’t think you’d have a hard time finding something.;FALSE;1;0;0;0;0;0;1
Yupp hahah;FALSE;1;0;0;0;0;0;1
Rlly happy about this;FALSE;1;0;0;0;0;0;1
:);FALSE;1;0;0;0;0;0;1
:D;FALSE;1;0;0;0;0;0;1
Good!;FALSE;1;0;0;0;0;0;1
Hahahaha the perfect solution;FALSE;1;0;0;0;0;0;1
Restt that’s what holidays are for;FALSE;1;0;0;0;0;0;1
i got nutella to make crepes for a friend;FALSE;1;0;0;0;0;0;1
But now I feel super duper rested;FALSE;1;0;0;0;0;0;1
Hahahahaga wowww what an early bird;FALSE;1;0;0;0;0;0;1
Nice, my darling;FALSE;1;0;0;0;0;0;1
You really look amazing in it;FALSE;1;0;0;0;0;0;1
Oh that looks really nice;FALSE;1;0;0;0;0;0;1
"Pretty good, we end up at her work and almost got caught by the cleaning lady. We were bidding behind the counter like two fucking adolescents and finally the lady just left by saying ""be careful and protect yourself""";FALSE;1;;0;0;0;0;1
Sounds like a lot of fun though;FALSE;1;0;0;0;0;0;1
I CANNOT THIS IS SO DAMN CUTE AAAAAAAAAAAAAAA;FALSE;1;0;0;0;0;0;1
Ohhh thankss, that actually motivates me quite a lot!;FALSE;1;0;0;0;0;0;1
i mean, u'll see what u like best, i like road/rock bc it doesn't like. feel mushy;FALSE;1;0;0;0;0;0;1
today is a very good day;FALSE;1;0;0;0;0;0;1
so if ur in good shape, aiming for an hour as a final goal is great! if ur a little rusty, 45 minutes would be better;FALSE;1;0;0;0;0;0;1
Greatt very satisfying;FALSE;1;0;0;0;0;0;1
Darling I have some GREAT FUCKING NEWS;FALSE;1;0;0;0;0;0;1
I believe in you (not in an empty way, I really do :);FALSE;1;0;0;0;0;0;1
Now I had a nice family lunch for Easter;FALSE;1;0;0;0;0;0;1
OMG YOU'RE STUNNING ;FALSE;1;0;0;0;0;0;1
That sound awesomee, enjoyy;FALSE;1;0;0;0;0;0;1
i'm rly happy im here;FALSE;1;0;0;0;0;0;1
i can tell you about nice things if you want;FALSE;1;0;0;0;0;0;1
Hellooo;FALSE;1;0;0;0;0;0;1
Thanks for keeping me a bit of company btw;FALSE;1;0;0;0;0;0;1
It's okayyy soon you'll be homee :);FALSE;1;0;0;0;0;0;1
It is an awesome room;FALSE;1;0;0;0;0;0;1
"u decided to be omega disrespectful and just not update me on anything and go to the event without calling
";FALSE;0;1;0;0;0;0;2
"i mean i get that she prefers hanging out in person but if im here you either actually try to at least talk over the phone or like. we don't talk for months and i cant tell her things anymore
";FALSE;0;1;0;0;0;0;2
Guys please don’t put other people’s stuff on the floor, especially if they have their bags right below the drier, very disrespectful;FALSE;0;1;0;0;0;0;2
Minjoo fucking kills me;FALSE;0;1;0;0;0;0;2
i just hate taking it;FALSE;0;1;0;0;0;0;2
"Ahh I really hate flying like this
";FALSE;0;1;0;0;0;0;2
like what the fuck;FALSE;0;1;0;0;0;0;2
"Uhh I’m so pissed
";FALSE;0;1;0;0;0;0;2
"And like wtf why didn’t you say that when he invited us
";FALSE;0;1;0;0;0;0;2
"I hate ml at this point
";FALSE;0;1;0;0;0;0;2
"I hate ml at this point
";FALSE;0;1;0;0;0;0;2
"I really am pissed, like just because I’m the only one who didn’t change my mind without letting anyone know I have to chase people around
";FALSE;0;1;0;0;0;0;2
"Its either gonna work, or its gonna be a huge problem
";FALSE;0;1;0;0;0;0;2
calm down, youre not the only one cleaning the kitchen and please do not talk to us as if we were 5 years old.;FALSE;0;1;0;0;0;0;2
"Like wtf you cannot just decide tomorrow because if no one shows up it’s just awful
";FALSE;0;1;0;0;0;0;
"i'm sorry but if your mommy and daddy cleaned after you at home, well, they are not here
";FALSE;0;1;0;0;0;0;2
"Your problem
";FALSE;0;1;0;0;0;0;2
"i cant calm down
";FALSE;0;1;0;0;0;0;2
"It's awful, I got so pissed at some point hahah
";FALSE;0;1;0;0;0;0;2
That it is my fault, and i accept that, but the other 99% i dont accept;FALSE;0;1;0;0;0;0;2
"and today u didnt give a fuck about it
";FALSE;0;1;0;0;0;0;2
"To explain your awful disgusting actions
";FALSE;0;1;0;0;0;0;2
"danijela is annoying me and ugh
";FALSE;0;1;0;0;0;0;2
"i am absolute shit at ending anything
";FALSE;0;1;0;0;0;0;2
"I am not happy because they are disgusting people
";FALSE;0;1;0;0;0;0;2
"big dicks dont make good doms stop it
";FALSE;0;1;0;0;0;0;2
"idk but maybe let's try not to piss off the coaches even more?
";FALSE;0;1;0;0;0;0;2
"I fucking hate that dude
";FALSE;0;1;0;0;0;0;2
"Bitch wtf
";FALSE;0;1;0;0;0;0;2
What a bitch;FALSE;0;1;0;0;0;0;2
"Fuck him
";FALSE;0;1;0;0;0;0;2
"Fuckinf useless prick
";FALSE;0;1;0;0;0;0;2
"Wtf its so stupid
";FALSE;0;1;0;0;0;0;2
"I feel the most of all angry at this whole situation
";FALSE;0;1;0;0;0;0;2
"Wtf people! If you remove laundry from a machine cause they're all taken, you put it in a single bag, with a sheet of paper with the name of the machine on it on top of the bag.
";FALSE;0;1;0;0;0;0;2
"Rather than good, I feel very angry
";FALSE;0;1;0;0;0;0;2
"Because they are manipulators and parasites
";FALSE;0;1;0;0;0;0;2
"my grandma's friend who deliberately complains about the amount of black and asian people in Paris
";FALSE;0;1;0;0;0;0;2
"I am fucking furious u r working
";FALSE;0;1;0;0;0;0;2
"like srsly out of the whole campus they want to block the damn music studio
";FALSE;0;1;0;0;0;0;
U worked with toxic people with 1 month + u told me stories of how these people work;FALSE;0;1;0;0;0;0;2
"I dont want u to be interested in the filth. I don’t want u to dirty urself
";FALSE;0;1;0;0;0;0;2
"Especially since when a student happens to make an unprofessional mistake, once, the admins often snap back quite aggressively.
";FALSE;0;1;0;0;0;0;2
"They are al disgusting animals
";FALSE;0;1;0;0;0;0;2
"I dont want to hear anything else about ur colleagues ever
";FALSE;0;1;0;0;0;0;2
"RAAAAAH, hate you so much
";FALSE;0;1;0;0;0;0;2
"If he dares try to kick us out we’ll have to go a bit farther
";FALSE;0;1;0;0;0;0;2
"Fuck that shit is tomorrow
";FALSE;0;1;0;0;0;0;2
"How dare u look over my back
";FALSE;0;1;0;0;0;0;2
"I got ultra angry straight the way
";FALSE;0;1;0;0;0;0;2
"They won't implement it anyway so the debate is kind of useless
";FALSE;0;1;0;0;0;0;2
"Idk about this but they should definitely increase the quality of the vegetarian food, cuz quite frankly, it's shit ..
";FALSE;0;1;0;0;0;0;2
"Idk about this but they should definitely increase the quality of the vegetarian food, cuz quite frankly, it's shit ..
";FALSE;0;1;0;0;0;0;2
"Idk about this but they should definitely increase the quality of the vegetarian food, cuz quite frankly, it's shit ..
";FALSE;0;1;0;0;0;0;2
if they dare to ask me for 550 €, I ll pay them partially, no one cares;FALSE;0;1;0;0;0;0;2
"like did you submit any questions? i don’t see how this comment is constructive at all
";FALSE;0;1;0;0;0;0;2
"And some still left space for bulshit but that’s on the lists too
";FALSE;0;1;0;0;0;0;2
"This was just a low blow
";FALSE;0;1;0;0;0;0;2
"well, idk if i want them to anymore
";FALSE;0;1;0;0;0;0;2
"i want you to use me
";FALSE;0;1;0;0;0;0;2
"that’s fucked up
";FALSE;0;1;0;0;0;0;2
"Stay away from me
";FALSE;0;1;0;0;0;0;2
"I don't wnat to talk to you
";FALSE;0;1;0;0;0;0;2
I don’t want to talk to you;FALSE;0;1;0;0;0;0;2
"How can you do this?
";FALSE;0;1;0;0;0;0;
Was really nice seeing 95% of the team yesterday night showing up as guest and 2 ppl this morning to clean;FALSE;0;1;0;0;0;0;2
"I fucking trusted you.
";FALSE;0;1;0;0;0;0;2
"Come on
";FALSE;0;1;0;0;0;0;2
"What the fuck are you doing
";FALSE;0;1;0;0;0;0;2
"please the person singing i would appreciate it if you stopped
";FALSE;0;1;0;0;0;0;2
"Being a representative is exactly this though. And even though it may be trivial and mundane complaint isn't the point as a rep to find solutions to problems or enable people to solve these problems themselves. I understand people are unreasonable or just do not have enough relevant information, but telling people to stop complaining achieves nothing. Because the sentiment of dissatisfaction then still remains. And the reason the lore is elected is because they are the people promoting change, some people don't want that responsibility, but their ideas and voices should still be valued and respected.
";FALSE;0;1;0;0;0;0;2
"Come on guys, it’s public space for everyone, it’s not just your own personal bedroom
";FALSE;0;1;0;0;0;0;2
My pair of sunglasses strangely disappeared from a table during the beer pong tournament before holidays. I really did not want it to come to that so I waited, but if they’re not returned by tonight in appt 60.06 I’ll ask the SPIS tomorrow to watch the cameras;FALSE;0;1;0;0;0;0;2
"please the person singing i would appreciate it if you stopped
";FALSE;0;1;0;0;0;0;2
Guys I believe that it s a bit too much.;FALSE;0;1;0;0;0;0;2
Let's be real, the admin doesn't care about what's reasonable or whats fair for the prospective students. If the truth hurts them, then you should just keep quiet.;FALSE;0;1;0;0;0;0;2
Again, please keep the noise down.;FALSE;0;1;0;0;0;0;2
Guys on the balconies and those playing music with their windows open I really do not want to be doing this every day. This building is shit and really doesn't help you at all but that is not an excuse for others to have to stay up late because of you. I am also sure that coaches told all of you that after 10 pm it's quiet hours. So I am asking you, again, to quiet down.;FALSE;0;1;0;0;0;0;2
It's just making excuses tbh;FALSE;0;1;0;0;0;0;2
"Source: I said something in one of the group chats and got summoned to the old director's office where she told me that if i have a problem with the program i can tell her directly, which i then promptly did, to which she responded lmao we can't do anything about it and its all your fault now get out of my office. Moral of the story is don't try to reason with the admin, just stay away
";FALSE;0;1;0;0;0;0;2
This stealing thing has been going on for so long. We are supposed to be a community and a highly educated one. Stealing food and other’s possessions is such a shame. I believe that no reasons can justify such a behavior inside our building.;FALSE;0;1;0;0;0;0;2
"So to whoever is responsible for all of this, just STOP.
";FALSE;0;1;0;0;0;0;2
"I love you too, lots and lots
";FALSE;0;0;1;0;0;0;3
"Good night my love
";FALSE;0;0;1;0;0;0;3
Good night then, sweet dreams;FALSE;0;0;1;0;0;0;3
"Don't hesitate to send me pictures :)
";FALSE;0;0;1;0;0;0;3
You're an amazing person and I don't think many things can change that fact;FALSE;0;0;1;0;0;0;3
"oh i promised you i'll do a schoolgirl outfit for you again
";FALSE;0;0;1;0;0;0;3
I want you so much;FALSE;0;0;1;0;0;0;3
"Okii would you like me to come by
";FALSE;0;0;1;0;0;0;3
"You can practise on me anytime ^^
";FALSE;0;0;1;0;0;0;3
"I treat u like my sole love center
";FALSE;0;0;1;0;0;0;3
"Hello, are you awake?
";FALSE;0;0;1;0;0;0;3
"your a little smartie aren't you
";FALSE;0;0;1;0;0;0;3
"Can't wait to see it
";FALSE;0;0;1;0;0;0;3
"Ahh I like to watch you play  That's so nice . Thank you
";FALSE;0;0;1;0;0;0;3
"We look so cute
";FALSE;0;0;1;0;0;0;3
"I like u i love u i miss u
";FALSE;0;0;1;0;0;0;3
"Trying to gather some people. Do you want to go out this weekend? Friday maybe?
";FALSE;0;0;1;0;0;0;3
"Well I miss you
";FALSE;0;0;1;0;0;0;3
"You're too sweet you know
";FALSE;0;0;1;0;0;0;3
"But that's because you have a sexual chemistry I assume
";FALSE;0;0;1;0;0;0;3
"I adore you
";FALSE;0;0;1;0;0;0;3
"Aaaw cutie, I will miss your presence
";FALSE;0;0;1;0;0;0;3
"When you come back can you come say hi very quickly?
";FALSE;0;0;1;0;0;0;3
"but if not you'll get many good morning kisses so d
";FALSE;0;0;1;0;0;0;3
"Don't I get a goodnight kiss?
";FALSE;0;0;1;0;0;0;3
"like... topping a top who topped you into hooking up really is sth to me
";FALSE;0;0;1;0;0;0;3
"You are my love
";FALSE;0;0;1;0;0;0;3
"And I love you too
";FALSE;0;0;1;0;0;0;3
"And I just have a lot of love in my brain these few weeks
";FALSE;0;0;1;0;0;0;3
"I'll be waiting here for you
";FALSE;0;0;1;0;0;0;3
"I got so excited about seeing u
";FALSE;0;0;1;0;0;0;3
"Ps: I love you lots
";FALSE;0;0;1;0;0;0;3
"Now I wanna squeeze you
";FALSE;0;0;1;0;0;0;3
YES PLS;FALSE;0;0;1;0;0;0;3
Let’s hug;FALSE;0;0;1;0;0;0;3
"I just find you very beautiful
";FALSE;0;0;1;0;0;0;3
"I want to cuddle with you so bad
";FALSE;0;0;1;0;0;0;3
"Ahhh don't make me miss you moreee
";FALSE;0;0;1;0;0;0;3
"I wanna hug you
";FALSE;0;0;1;0;0;0;3
"I miss you
";FALSE;0;0;1;0;0;0;3
"Haha. Tell me exactly what you were reminded of.
";FALSE;0;0;1;0;0;0;3
"How can I go sleep if you say thatttt
";FALSE;0;0;1;0;0;0;3
"i miss yaa, what are you doing?
";FALSE;0;0;1;0;0;0;3
"But if i want one thing, it is not for us to never fight, It is for us to have the best sex ever
";FALSE;0;0;1;0;0;0;3
"Id like first to gain experience n then, then, to do it in public. What do u think?
";FALSE;0;0;1;0;0;0;3
"It is for me, to be a good support for u, coz this is higher, than any kind of love relationship
";FALSE;0;0;1;0;0;0;3
"Sleep well
";FALSE;0;0;1;0;0;0;3
"You are gorgeous smart and cute you shouldn’t stress about these stuff
";FALSE;0;0;1;0;0;0;3
"Need a hug?
";FALSE;0;0;1;0;0;0;3
Did you sleep well?;FALSE;0;0;1;0;0;0;3
Have nice dreams;FALSE;0;0;1;0;0;0;3
Dream of us:);FALSE;0;0;1;0;0;0;3
Dream of everything I would do to you;FALSE;0;0;1;0;0;0;3
"For you want to go to the shop together, maybe we can keep each other company?
";FALSE;0;0;1;0;0;0;3
"How I'm gonna hug you and kiss you tomorrow
";FALSE;0;0;1;0;0;0;3
"Like how cute you probably look right now
";FALSE;0;0;1;0;0;0;3
I just want to exist in your hug;FALSE;0;0;1;0;0;0;3
we can also meet somewhere more south if you'd like;FALSE;0;0;1;0;0;0;3
I Will jump on you when I see you;FALSE;0;0;1;0;0;0;3
"Also thinking about you
";FALSE;0;0;1;0;0;0;3
"I don't want to see you crying
";FALSE;0;0;1;0;0;0;3
"Ahh I wanna teleport to that room of yours now and cuddle
";FALSE;0;0;1;0;0;0;3
"I appreciate you a lot
";FALSE;0;0;1;0;0;0;3
"sending hugs and kisses rn
";FALSE;0;0;1;0;0;0;3
"You are an amazing person
";FALSE;0;0;1;0;0;0;3
"Aaaah so cute
";FALSE;0;0;1;0;0;0;3
"I still can't believe you are real, that's probably why I can't sleep
";FALSE;0;0;1;0;0;0;3
"dreaming about you all the time
";FALSE;0;0;1;0;0;0;3
"Now that I think of it, I did spot that beautiful, cute girl I usually see in the study room running on a treadmill in the purple gym when I was coming back from Franprix
";FALSE;0;0;1;0;0;0;3
"i'm actually really excited
";FALSE;0;0;1;0;0;0;3
"But just know that there is a person who cares about you
";FALSE;0;0;1;0;0;0;3
"You were the best thing that happened to me so If I'm gonna give up on repairing the things I would be the biggest idiot ever borned.
";FALSE;0;0;1;0;0;0;3
"She was too busy working and looking extra beautiful to pay a passing admirer any mind
";FALSE;0;0;1;0;0;0;3
"I also spotted on my way back this cute girl in a study room. I wonder who that was...
";FALSE;0;0;1;0;0;0;3
"Nothing makes sense without you!
";FALSE;0;0;1;0;0;0;3
"Send me a text before you start and let me know if you need anything btw
";FALSE;0;0;1;0;0;0;3
"But you're very special
";FALSE;0;0;1;0;0;0;3
"Gawd I wanna feel your thighs
";FALSE;0;0;1;0;0;0;3
"I have never seen someone like you
";FALSE;0;0;1;0;0;0;3
"I’m squirming to feel you close
";FALSE;0;0;1;0;0;0;3
"I kinda wanna come by yours just to kiss you goodnight, but I feel like you're too tired and I should just let you snooze
";FALSE;0;0;1;0;0;0;3
"I almost wanna just come by and kiss you goodnight, but I fear you won't sleep enough if I do
";FALSE;0;0;1;0;0;0;3
"Bebe lemme seeeee
";FALSE;0;0;1;0;0;0;3
You have an amazing ass;FALSE;0;0;1;0;0;0;3
I love your boobs;FALSE;0;0;1;0;0;0;3
You are so sexy;FALSE;0;0;1;0;0;0;3
Your legs are just uff;FALSE;0;0;1;0;0;0;3
"Even though I’d much rather cuddle with you tbh
";FALSE;0;0;1;0;0;0;3
"That sounds fucking amazing I’d love to try it
";FALSE;0;0;1;0;0;0;3
"baby yes please yes yes yes
";FALSE;0;0;1;0;0;0;3
"You’re so fucking cute baby I wanna give you kisses
";FALSE;0;0;1;0;0;0;3
"That’s okie baby aghhh you’re gorgeous as hell
";FALSE;0;0;1;0;0;0;3
"i do want to cut my hair rlly short at some point
";FALSE;0;0;1;0;0;0;3
"Fuck that sounds like absolute heaven..
";FALSE;0;0;1;0;0;0;3
"I'll be waiting here for you
";FALSE;0;0;1;0;0;0;3
"Good morning, I'd love to :)
";FALSE;0;0;1;0;0;0;3
"MY MF ARM LOOKING LIKE A DYKE FANTASY
";FALSE;0;0;1;0;0;0;3
"Heyy good morning, wanna go to lunch together?
";FALSE;0;0;1;0;0;0;3
"I want you
";FALSE;0;0;1;0;0;0;3
I miss you a lot;FALSE;0;0;1;0;0;0;3
"Night night
";FALSE;0;0;1;0;0;0;3
"Oh gosh I wanted to kiss you so hard
";FALSE;0;0;1;0;0;0;3
Your lis are driving me insane;FALSE;0;0;1;0;0;0;3
"i'll very likely do more tho because i'm insane and you know what happens when i'm motivated
";FALSE;0;0;1;0;0;0;3
"also pls take it easy to begin with n then who knows
";FALSE;0;0;1;0;0;0;3
"If you like it why not go for it, you look very cute in it
";FALSE;0;0;1;0;0;0;3
"omg!!! link pls? or just the name?
";FALSE;0;0;1;0;0;0;3
"You really look amazing in it
";FALSE;0;0;1;0;0;0;3
"Ahhhh you look amazinggg
";FALSE;0;0;1;0;0;0;3
"Cool keep me posted
";FALSE;0;0;1;0;0;0;3
"Okayy I really wanna sleep with you
";FALSE;0;0;1;0;0;0;3
"ok i wanted to write a complement then i figured you'd read my mind like you do lol, im not worried abt that, ik im stuck w you
";FALSE;0;0;1;0;0;0;3
I wanna read it when you finish;FALSE;0;0;1;0;0;0;3
"I finish my homework and I'll call u...I'm very curious why u have this attitude

";FALSE;0;0;0;1;0;0;4
"How's it going?
";FALSE;0;0;0;1;0;0;4
"Ohh how come?
";FALSE;0;0;0;1;0;0;4
"how are you feeling?
";FALSE;0;0;0;1;0;0;4
"hello, how's shopping going?
";FALSE;0;0;0;1;0;0;4
"whaaaaat??
";FALSE;0;0;0;1;0;0;4
"wait, what?
";FALSE;0;0;0;1;0;0;4
"Reallyy, how do you find it??
";FALSE;0;0;0;1;0;0;4
"The thing with free days?
";FALSE;0;0;0;1;0;0;4
I'm getting curious;FALSE;0;0;0;1;0;0;4
"Cool keep me posted
";FALSE;0;0;0;1;0;0;4
"Ohh now I'm real curious
";FALSE;0;0;0;1;0;0;4
"what, you want running commentary?
";FALSE;0;0;0;1;0;0;4
"hahahahah really, i'm very curious now
";FALSE;0;0;0;1;0;0;4
"Thanks, will take a look
";FALSE;0;0;0;1;0;0;4
"Wait I'm curious why?
";FALSE;0;0;0;1;0;0;4
"why though?
";FALSE;0;0;0;1;0;0;4
"Let me know when you find it
";FALSE;0;0;0;1;0;0;4
"okayy let me know when you're done
";FALSE;0;0;0;1;0;0;4
"Down for some tea ?
";FALSE;0;0;0;1;0;0;4
"You do?
";FALSE;0;0;0;1;0;0;4
"Text me when you're coming downstairs
";FALSE;0;0;0;1;0;0;4
"are you doubting me
";FALSE;0;0;0;1;0;0;4
"well if you want to do MMA, choke me, tie me up or just cuddle, pm
";FALSE;0;0;0;1;0;0;4
"could anybody answer one architecture question pls? after the debate....
";FALSE;0;0;0;1;0;0;4
"Do you need more?
";FALSE;0;0;0;1;0;0;4
"wasnt the party yday*?
";FALSE;0;0;0;1;0;0;4
"What can I do for you?
";FALSE;0;0;0;1;0;0;4
"Do you know someone with extra mattress?
";FALSE;0;0;0;1;0;0;4
"are u here on Friday?
";FALSE;0;0;0;1;0;0;4
"Are u going to algebra
";FALSE;0;0;0;1;0;0;4
"u are second group?
";FALSE;0;0;0;1;0;0;4
"will u be in the bar tn?
";FALSE;0;0;0;1;0;0;4
"Did u also get her instagram?
";FALSE;0;0;0;1;0;0;4
"Is she from Turkey too?
";FALSE;0;0;0;1;0;0;4
"u going to telecom tn?
";FALSE;0;0;0;1;0;0;4
"U are at the airport?
";FALSE;0;0;0;1;0;0;4
"No?
";FALSE;0;0;0;1;0;0;4
Yes?;FALSE;0;0;0;1;0;0;4
"Was it good?
";FALSE;0;0;0;1;0;0;4
"hahah why?
";FALSE;0;0;0;1;0;0;4
How was I?;FALSE;0;0;0;1;0;0;4
For example?;FALSE;0;0;0;1;0;0;4
"When are you back on campus??
";FALSE;0;0;0;1;0;0;4
Did u wake up so late?;FALSE;0;0;0;1;0;0;4
"No right?
";FALSE;0;0;0;1;0;0;4
"Morning?
";FALSE;0;0;0;1;0;0;4
"where r u?
";FALSE;0;0;0;1;0;0;4
"in the hang out?
";FALSE;0;0;0;1;0;0;4
"is there any event tn?
";FALSE;0;0;0;1;0;0;4
"foyer?
";FALSE;0;0;0;1;0;0;4
"who?
";FALSE;0;0;0;1;0;0;4
"caf women?
";FALSE;0;0;0;1;0;0;4
"for what tho
";FALSE;0;0;0;1;0;0;4
"where are u??
";FALSE;0;0;0;1;0;0;4
"U left w Nadja?
";FALSE;0;0;0;1;0;0;4
"how’s Marina’s foot?
";FALSE;0;0;0;1;0;0;4
"how are you doing now?
";FALSE;0;0;0;1;0;0;4
"physically?
";FALSE;0;0;0;1;0;0;4
"idt u want to talk to him anymore no?
";FALSE;0;0;0;1;0;0;4
"did u leave?
";FALSE;0;0;0;1;0;0;4
"did u come back?
";FALSE;0;0;0;1;0;0;4
"me?
";FALSE;0;0;0;1;0;0;4
"what did u have??
";FALSE;0;0;0;1;0;0;
"the file has the error?
";FALSE;0;0;0;1;0;0;4
"how big is your data?
";FALSE;0;0;0;1;0;0;4
"Do you want rice or naan bread with it?
";FALSE;0;0;0;1;0;0;4
"Oy Milena, do you happen to be free tomorrow
";FALSE;0;0;0;1;0;0;4
"tell me tell me
";FALSE;0;0;0;1;0;0;4
"tell me if you're interested
";FALSE;0;0;0;1;0;0;4
"cmoon I want to know:)
";FALSE;0;0;0;1;0;0;4
"What do you say?
";FALSE;0;0;0;1;0;0;4
"What are you doing??
";FALSE;0;0;0;1;0;0;4
"hey, could i try one of the shirts if it's not already gone?
";FALSE;0;0;0;1;0;0;4
"Dod u write notes then?
";FALSE;0;0;0;1;0;0;4
"I can leave?
";FALSE;0;0;0;1;0;0;4
"And we can smoke?
";FALSE;0;0;0;1;0;0;4
"can we skip class for the ping pong thing?
";FALSE;0;0;0;1;0;0;4
"Can u tell me how to make ur cake from yesterday
";FALSE;0;0;0;1;0;0;4
"yes which one ?
";FALSE;0;0;0;1;0;0;4
"Oh, how did you do that?
";FALSE;0;0;0;1;0;0;4
"with who? when?
";FALSE;0;0;0;1;0;0;4
"do you wanna get the breakfast thing tomorrow?
";FALSE;0;0;0;1;0;0;4
"WHy would you do that??
";FALSE;0;0;0;1;0;0;4
"Why are sufferings a given hahahahaha
";FALSE;0;0;0;1;0;0;4
"Why what’s wrong??
";FALSE;0;0;0;1;0;0;4
"Why??
";FALSE;0;0;0;1;0;0;4
"Why not hahahahaha
";FALSE;0;0;0;1;0;0;4
"Do you have food for me for the evening?
";FALSE;0;0;0;1;0;0;4
"Or do I have to go to Auchan?
";FALSE;0;0;0;1;0;0;4
"We are going to sushi
";FALSE;0;0;0;1;0;0;4
"Who?
";FALSE;0;0;0;1;0;0;4
"Where are you?
";FALSE;0;0;0;1;0;0;4
"When are u going
";FALSE;0;0;0;1;0;0;4
"How about eating smth together once u are back?
";FALSE;0;0;0;1;0;0;4
"Can you just give me the number
";FALSE;0;0;0;1;0;0;4
So why him;FALSE;0;0;0;1;0;0;4
To my room?;FALSE;0;0;0;1;0;0;4
Why did you tell me you did;FALSE;0;0;0;1;0;0;4
"Hey Elena, I believe I am, why?
";FALSE;0;0;0;1;0;0;4
"You're taking a beach vacation?
";FALSE;0;0;0;1;0;0;4
and I'd like to see it;FALSE;0;0;0;1;0;0;4
"I can't believe the electoral commision just left
";FALSE;0;0;0;0;1;0;5
"What?
";FALSE;0;0;0;0;1;0;5
"Dommage that I don't know what it is
";FALSE;0;0;0;0;1;0;5
"really sad
";FALSE;0;0;0;0;1;0;5
"yeah sorry i was eating
";FALSE;0;0;0;0;1;0;5
"I feel quite down
";FALSE;0;0;0;0;1;0;5
"I'm having a hard time cancelling the order..
";FALSE;0;0;0;0;1;0;5
"That’s really bad :( :( :(
";FALSE;0;0;0;0;1;0;5
"And I'm trying to do some work but it's not really working
";FALSE;0;0;0;0;1;0;5
"Honestly I'm feeling real sluggish
";FALSE;0;0;0;0;1;0;5
"Sorry if that sounds bad considering your situation
";FALSE;0;0;0;0;1;0;5
"yeah, sorry, but i can't do it, i mean i lowkey wrote it off because nobody was giving me any proper information and i don't have anything that i want to play in front of people right now really, plus i'm not coming to the dinner anyway, i don't have time
";FALSE;0;0;0;0;1;0;5
"i really cant come tonight i feel like ill burn out if i have to accept another serious piece of information
";FALSE;0;0;0;0;1;0;5
"i totally forgot
";FALSE;0;0;0;0;1;0;5
"Sorry I didn't see your text
";FALSE;0;0;0;0;1;0;5
"not the cs the cs is absolutely horrible rn
";FALSE;0;0;0;0;1;0;5
"I'd love to join but I can't tomorrow
";FALSE;0;0;0;0;1;0;5
"i honestly dont know
";FALSE;0;0;0;0;1;0;5
"im a bit depressed
";FALSE;0;0;0;0;1;0;5
"but i have too much to do
";FALSE;0;0;0;0;1;0;5
"I won't be able to make it. he is a little upset with me for leaving when I was supposed to stay with him this weekend.. but as I said, I'm free all week so let me know if you're around
";FALSE;0;0;0;0;1;0;5
"Unfortunately not, it went bad and I yeeted it in the trash, sorry
";FALSE;0;0;0;0;1;0;5
"But still far from good
";FALSE;0;0;0;0;1;0;5
"I slept like complete shit for some reason
";FALSE;0;0;0;0;1;0;5
"I just woke up and felt kinda horrible
";FALSE;0;0;0;0;1;0;5
"I don’t know I just feel like a bit pushed around, that’s all
";FALSE;0;0;0;0;1;0;5
"I feel a bit off about it right noww
";FALSE;0;0;0;0;1;0;5
"but idk what and i'm kinda tired of it
";FALSE;0;0;0;0;1;0;5
"but I feel a bit tense about ml still, I think I should work more
";FALSE;0;0;0;0;1;0;5
"but staying now feels worse
";FALSE;0;0;0;0;1;0;5
"And i just lost interest :(( but i'll have to finish it someday
";FALSE;0;0;0;0;1;0;5
"i  feel so off today for some reason, idk why :/
";FALSE;0;0;0;0;1;0;5
"Oh fuck, what a timing :/
";FALSE;0;0;0;0;1;0;5
"I’m sorry I’m just a bit stressed, because no one’s taking any responsibility
";FALSE;0;0;0;0;1;0;5
"I understand how frustrating that is
";FALSE;0;0;0;0;1;0;5
"I know sometimes people are just soo annoying like that
";FALSE;0;0;0;0;1;0;5
"I can’t believe it
";FALSE;0;0;0;0;1;0;5
"Yess ..Seems so it’s true …
so heartbreaking";FALSE;0;0;0;0;1;0;5
"But if it's true it's very sad :(
";FALSE;0;0;0;0;1;0;5
"I'm super slow though, I'm really not feeling it today
";FALSE;0;0;0;0;1;0;5
"Bummer! Try the firemen.
";FALSE;0;0;0;0;1;0;5
"Linda is missing tho..
";FALSE;0;0;0;0;1;0;5
"ohhh that's a bummer
";FALSE;0;0;0;0;1;0;5
"Honestly
Me neither ..";FALSE;0;0;0;0;1;0;5
"now it started hurting more, but nothing too bad just annoying
";FALSE;0;0;0;0;1;0;5
"I'm a bit disappointed
";FALSE;0;0;0;0;1;0;5
"So no, sadly not :(((
";FALSE;0;0;0;0;1;0;5
"We couldn’t make the livestream sound work unfortunately, sorry everyone
";FALSE;0;0;0;0;1;0;5
"I don't have a picture sorry
";FALSE;0;0;0;0;1;0;5
"disgusting really..
Hate guys like that";FALSE;0;0;0;0;1;0;5
"Guys like him make it impossible to for example hold hands with my girll or show any pda in public etcetc
";FALSE;0;0;0;0;1;0;5
"Still in 2021 like its SAD
Yea make me so uncomfortable";FALSE;0;0;0;0;1;0;5
"I am sadly also missing my passport number
";FALSE;0;0;0;0;1;0;5
conclusion: magnan bad, again;FALSE;0;0;0;0;1;0;5
"Coach said to me no volleyball and bad tonight
";FALSE;0;0;0;0;1;0;5
"both options are bad
";FALSE;0;0;0;0;1;0;5
Sad news everyone, The weather today messed up w our planned circuit for the mummy race and since there’s the music committee concert at 8pm we can’t really improvise another one…;FALSE;0;0;0;0;1;0;5
"actually im really not feeling it rn..kinda just want to be alone :/
";FALSE;0;0;0;0;1;0;5
"Heyyy no don’t worry, it’s really a bummer but there’s nothing you could do :(
";FALSE;0;0;0;0;1;0;5
"Unfortunately I'm still gonna be at my gramp's then
";FALSE;0;0;0;0;1;0;5
I am a bit disappointed bc i couldn't finish in 3h30;FALSE;0;0;0;0;1;0;5
"Elena I have bad news and I hate that I need to tell you after all this planning
";FALSE;0;0;0;0;1;0;5
"I am disappointed
";FALSE;0;0;0;0;1;0;5
"Guys, we have very sad news ! Since many of us are contact cases for covid, we have to announce you that this week event has to be canceled.
";FALSE;0;0;0;0;1;0;5
"Elena I have bad news and I hate that I need to tell you after all this planning
";FALSE;0;0;0;0;1;0;5
"I just watched the new Spider-Man, a bit disappointed but it was fine
";FALSE;0;0;0;0;1;0;5
"I was really disappointed when I found out about the only one language at Polytech
";FALSE;0;0;0;0;1;0;5
"I feel terrible about it :/
";FALSE;0;0;0;0;1;0;5
"That's so sad that you won't be coming
";FALSE;0;0;0;0;1;0;5
"had my calculus final, went meh like not too great but not shit either
";FALSE;0;0;0;0;1;0;5
"I mean we’re still on campus and participated in the campaign so it’s a bit sad to not be mentioned at some point
";FALSE;0;0;0;0;1;0;5
"it's a bit meh
";FALSE;0;0;0;0;1;0;5
"Yeah it's just that its a hard course and the tutorials are super hard so...
";FALSE;0;0;0;0;1;0;5
Meh;FALSE;0;0;0;0;1;0;5
"Oh that one..
";FALSE;0;0;0;0;1;0;5
"btw there is also the kebab truck on the side of the building
";FALSE;0;0;0;0;1;0;5
"Well, I imagined it a bit differently. I thouhg we would do somehting more ""cheerful""
";FALSE;0;0;0;0;1;0;5
"Is that all you made?
";FALSE;0;0;0;0;1;0;5
"That is all you can last? :(
";FALSE;0;0;0;0;1;0;5
We won’t be on campus during the weekend unfortunately:(;FALSE;0;0;0;0;1;0;5
"why is that even in the studio???
";FALSE;0;0;0;0;0;1;6
"Sorry for the confusion i was taking the orders prior
";FALSE;0;0;0;0;0;1;6
"I mean, are we speaking this Friday or the next ?
";FALSE;0;0;0;0;0;1;6
"Oh I see... it's a bit confusing though
";FALSE;0;0;0;0;0;1;6
"Wait I don't understand
";FALSE;0;0;0;0;0;1;6
"Wait, what?
";FALSE;0;0;0;0;0;1;6
"I don't understand
";FALSE;0;0;0;0;0;1;6
"okay but if absolutely nothing whatsoever happened, how is it that you sHouLdN't hAvE
";FALSE;0;0;0;0;0;1;6
"I didn't catch anything... sorry
";FALSE;0;0;0;0;0;1;6
"Putaaain, I don't get it
";FALSE;0;0;0;0;0;1;6
"why though?
";FALSE;0;0;0;0;0;1;6
"For cnn parameters, I don’t really understand what did you do?
";FALSE;0;0;0;0;0;1;6
"Ok, I still don't see what you are trying to say
";FALSE;0;0;0;0;0;1;6
"this is the answer to which message
";FALSE;0;0;0;0;0;1;6
"I don’t understand what the problem is. Why do you guys want it at the end?
";FALSE;0;0;0;0;0;1;6
"Don’t focus on the math part of it, the rest is very useful don’t you think ?
";FALSE;0;0;0;0;0;1;6
also i don't understand the logic behind 1 week of drinking = 2 weeks sober;FALSE;0;0;0;0;0;1;6
"what?
";FALSE;0;0;0;0;0;1;6
"don't know if it is only me, but every notation was confusing
";FALSE;0;0;0;0;0;1;6
Did u manage to write the maa206 hw? (If yes) do u mind sharing it? I have to finish it tonight and honestly no energy to fight for the questions i haven't figured out yet;FALSE;0;0;0;0;0;1;6
"Ok, I don't understand what was so childish here
";FALSE;0;0;0;0;0;1;6
"Oh by rn u mean today?
";FALSE;0;0;0;0;0;1;6
"do you understand how the division of genome into compartment a and b works?
";FALSE;0;0;0;0;0;1;6
but still don't get one part of the step, but I guess it probably comes from my 0 understanding od taylor exp;FALSE;0;0;0;0;0;1;6
"I got confused myself and that didn't reeeealky help
";FALSE;0;0;0;0;0;1;6
"Isnt the gym supposed to be open right now?
";FALSE;0;0;0;0;0;1;6
"I still don't get it. R u just supposed to write about something nature-related?
";FALSE;0;0;0;0;0;1;6
"Guys I'm very lost
";FALSE;0;0;0;0;0;1;6
"Wait, all serbs are gonna come play?
";FALSE;0;0;0;0;0;1;6
"Where can I sign up?
";FALSE;0;0;0;0;0;1;6
"wait, where were u this whole time?
";FALSE;0;0;0;0;0;1;6
"Where u at?
";FALSE;0;0;0;0;0;1;6
"Mark I am lost
";FALSE;0;0;0;0;0;1;6
"No but i don’t think they have error messages, I think they are a bit lost in general
";FALSE;0;0;0;0;0;1;6
"where did you all go?
";FALSE;0;0;0;0;0;1;6
"hmm, probably not. Where tho? Tonight?
";FALSE;0;0;0;0;0;1;6
"hmmm, we are not going there sober, right?
";FALSE;0;0;0;0;0;1;6
"i think i just have more ppl drifting away rn
";FALSE;0;0;0;0;0;1;6
"Housing office? Not sure though, maybe ask a coach firs
";FALSE;0;0;0;0;0;1;6
"She was like hmmm do u want a better car?
";FALSE;0;0;0;0;0;1;6
"... what
";FALSE;0;0;0;0;0;1;6
"where you at?
";FALSE;0;0;0;0;0;1;6
"Not sure i agree abt being a good teacher
";FALSE;0;0;0;0;0;1;6
"We will not cheat, will we?
";FALSE;0;0;0;0;0;1;6
"How do u make it work?
";FALSE;0;0;0;0;0;1;6
"how do u get reachable subautomaton ?
";FALSE;0;0;0;0;0;1;6
"okok Im a lil confused about this plan, but let me know when you're ready
";FALSE;0;0;0;0;0;1;6
"I am so confused
";FALSE;0;0;0;0;0;1;6
I am so confused and tipsy;FALSE;0;0;0;0;0;1;6
"L'ore? The place or something?
";FALSE;0;0;0;0;0;1;6
"Which study room on the fifth floor?
";FALSE;0;0;0;0;0;1;6
"I was just there, I couldn't find you, where are you?
";FALSE;0;0;0;0;0;1;6
"I can’t explain what I don’t understand
";FALSE;0;0;0;0;0;1;6
"Hey, please excuse me for one more question about formal language. I (think that I) understood the regular expression and why we draw the automaton this way. However, I cannot convince myself on a very specific example.
";FALSE;0;0;0;0;0;1;6
Sorry, what is a triangle inequality?;FALSE;0;0;0;0;0;1;6
"heyy so i made progress but what i don't understand is how do we assign the string we got from ssh-keygen to a variable?
";FALSE;0;0;0;0;0;1;6
"confused… is the lore email getting spams now?
";FALSE;0;0;0;0;0;1;6
did the professor said if you didn't pass B2, you can do a project something?;FALSE;0;0;0;0;0;1;6
"didn't you get a new card a couple weeks ago?
";FALSE;0;0;0;0;0;1;6
"i was confused whether to write that or to write BDe du bachelor
";FALSE;0;0;0;0;0;1;6
"Idk why did she keep us this long
";FALSE;0;0;0;0;0;1;6
"for free??
";FALSE;0;0;0;0;0;1;6
how do i set it up?;FALSE;0;0;0;0;0;1;6
"i dont understand answer people with links
";FALSE;0;0;0;0;0;1;6
"what buttons
";FALSE;0;0;0;0;0;1;6
"are you performingat the speech contest for sure?
";FALSE;0;0;0;0;0;1;6
"don't forget to explain to me why I didn't received before?
";FALSE;0;0;0;0;0;1;6
"im not the one writing the message right?
";FALSE;0;0;0;0;0;1;6
Hey! Why don’t we have lab151 tomorrow?;FALSE;0;0;0;0;0;1;6
For Lab151, when dirichlet conditions state that f(x) needs to be single valued between L and -L, it does not state that f(x) must be defined for all x in [-L, L] right?;FALSE;0;0;0;0;0;1;6
Where is everyone??;FALSE;0;0;0;0;0;1;6
"does anyone know when we have to be back on campus after summer?
";FALSE;0;0;0;0;0;1;6
@ bx23s when was your first day of school this year?;FALSE;0;0;0;0;0;1;6
"Was it campaign week?
";FALSE;0;0;0;0;0;1;6
is it just me or MAA105 final exam is 3h long?;FALSE;0;0;0;0;0;1;6
is it just me or MAA105 final exam is 3h long?;FALSE;0;0;0;0;0;1;6
"Isn't it due tmr?
";FALSE;0;0;0;0;;1;6
does anyone have conversion of grade out of 20 to letter grades?;FALSE;0;0;0;0;0;1;6
ok;TRUE;0;0;0;0;0;0;0
okay;TRUE;0;0;0;0;0;0;0
hm;TRUE;0;0;0;0;0;0;0
hmm;TRUE;0;0;0;0;0;0;0
well;TRUE;0;0;0;0;0;0;0
Imma help u out;TRUE;0;0;0;0;0;0;0
bon;TRUE;0;0;0;0;0;0;0
so;TRUE;0;0;0;0;0;0;0
This is me;TRUE;0;0;0;0;0;0;0
There is police;TRUE;0;0;0;0;0;0;0
Apart from that,nothing is changing;TRUE;0;0;0;0;0;0;0
fjknaslkfjbsa;TRUE;0;0;0;0;0;0;0
I did;TRUE;0;0;0;0;0;0;0
A few times;TRUE;0;0;0;0;0;0;0
But u should joint us;TRUE;0;0;0;0;0;0;0
Ig;TRUE;0;0;0;0;0;0;0
tbf;TRUE;0;0;0;0;0;0;0
tbh;TRUE;0;0;0;0;0;0;0
Lemme know;TRUE;0;0;0;0;0;0;0
honestly,;TRUE;0;0;0;0;0;0;0
Mb;TRUE;0;0;0;0;0;0;0
Tmr?;TRUE;0;0;0;0;0;0;0
U said it urself;TRUE;0;0;0;0;0;0;0
We dont know each other;TRUE;0;0;0;0;0;0;0
At all;TRUE;0;0;0;0;0;0;0
This is way to much;TRUE;0;0;0;0;0;0;0
ok, Im done;TRUE;0;0;0;0;0;0;0
Agit;TRUE;0;0;0;0;0;0;0
That’s 6 corners in one letter;TRUE;0;0;0;0;0;0;0
I am sure u remember stuff;TRUE;0;0;0;0;0;0;0
Alright ;TRUE;0;0;0;0;0;0;0
Scary vines;TRUE;0;0;0;0;0;0;0
I guess time Will show;TRUE;0;0;0;0;0;0;0
Neither do i;TRUE;0;0;0;0;0;0;0
In person ;TRUE;0;0;0;0;0;0;0
A friend of mine told that we should have entent the cake;TRUE;0;0;0;0;0;0;0
Osnakjlfafv;TRUE;0;0;0;0;0;0;0
Icannot;TRUE;0;0;0;0;0;0;0
